third_party_cookie_host,number_of_occurences
bing.com,6
adroll.com,6
doubleclick.net,4
ml314.com,1
bidr.io,3
gbqofs.io,3
bidswitch.net,6
micpn.com,2
salesforce-sites.com,4
fbot.me,1
stickyadstv.com,2
livechatinc.com,3
igodigital.com,15
360yield.com,4
google.com,3
salesforceliveagent.com,1
krxd.net,3
dognet.sk,1
official-deals.co.uk,1
scorecardresearch.com,1
kargo.com,1
liveperson.net,3
adsrvr.org,13
cquotient.com,6
criteo.com,6
shop.pe,1
exponea.com,1
twitter.com,5
smaato.net,2
hubspot.com,1
getrockerbox.com,1
dynamicyield.com,3
armani-beauty.ca,8
vimeo.com,2
creativecdn.com,4
yahoo.co.jp,6
media.net,7
mediawallahscript.com,3
3lift.com,4
lightboxapi.azurewebsites.net,2
afterpay.com,1
rlcdn.com,4
elfsight.com,2
omnitagjs.com,1
liadm.com,5
crwdcntrl.net,7
cdn-btsg.com,1
govx.com,2
pinterest.com,3
rapidzebra.io,1
thepointyspritesclub.com,1
smartadserver.com,4
ipredictive.com,2
everesttech.net,14
zopim.com,2
clicktale.net,1
bounceexchange.com,4
youtube.com,10
yieldmo.com,2
pubmatic.com,10
tiktok.com,12
sharethis.com,2
mountain.com,3
id5-sync.com,1
personalizer.io,4
iesnare.com,1
pointmediatracker.com,1
paypal.com,10
yotpo.com,4
amazon-adsystem.com,4
mookie1.com,4
pippio.com,5
dynatrace.com,3
amazon.com,5
taboola.com,3
scarabresearch.com,2
serving-sys.com,2
ninthdecimal.com,1
outbrain.com,1
sharethrough.com,2
myvisualiq.net,3
connectedinteractive.com,2
linkedin.com,14
demdex.net,42
futemarketing.ca,2
adnxs.com,13
yahoo.com,10
linksynergy.com,4
ispot.tv,1
dnacdn.net,4
snapchat.com,8
zeotap.com,2
bluekai.com,10
mediavine.com,5
exelator.com,2
undertone.com,2
shoprunner.com,3
fonts.net,2
tapad.com,21
im-apps.net,4
force.com,2
semasio.net,1
tremorhub.com,3
shop.app,6
openx.net,2
official-coupons.com,1
dotomi.com,1
t.co,1
rezync.com,2
pickzen.com,2
rubiconproject.com,8
cdnwidget.com,8
trkn.us,1
sc-static.net,2
casalemedia.com,10
tealiumiq.com,4
rfihub.com,3
omtrdc.net,2
socdm.com,1
attentivemobile.com,32
smind.hr,2
samba.tv,1
spotxchange.com,3
eyeota.net,2
agkn.com,3
adform.net,2
nr-data.net,1
